,id,Polluant,polluant_url,valeur,code site,Zas,Date,Year,Month,Day,Quarter
0,,ATMO,,0,FR38001,ZAR SAINT-DENIS,2018-09-09 23:00:00,2018,9,,3
1,,ATMO,,0,FR38001,ZAR SAINT-DENIS,2018-09-09 23:00:00,2018,9,,3
2,,ATMO,,0,FR38016,ZAR VOLCAN,2018-09-16 23:00:00,2018,9,,3
3,,ATMO,,0,FR29424,ZAG SAINT-ETIENNE,2018-09-11 23:00:00,2018,9,,3
4,,ATMO,,2,FR36001,ZAR VALLEE-DU-RHONE,2018-09-13 23:00:00,2018,9,,3
5,,ATMO,,0,FR30019,ZR GRAND-EST,2018-06-17 23:00:00,2018,6,,2
6,,ATMO,,0,FR30019,ZR GRAND-EST,2018-06-18 23:00:00,2018,6,,2
7,,ATMO,,1,FR30019,ZR GRAND-EST,2018-07-21 23:00:00,2018,7,,3
8,,ATMO,,0,FR22009,ZR GRAND-EST,2018-09-08 23:00:00,2018,9,,3
9,,ATMO,,0,FR09003,ZR NOUVELLE-AQUITAINE,2018-09-12 23:00:00,2018,9,,3
10,,ATMO,,0,FR35002,ZR NOUVELLE-AQUITAINE,2018-09-14 23:00:00,2018,9,,3
11,,ATMO,,0,FR09003,ZR NOUVELLE-AQUITAINE,2018-09-15 23:00:00,2018,9,,3
12,,ATMO,,0,FR38002,ZAR SAINT-DENIS,2018-08-20 23:00:00,2018,8,,3
13,,ATMO,,0,FR38016,ZAR VOLCAN,2018-08-24 23:00:00,2018,8,,3
14,,ATMO,,0,FR38001,ZAR SAINT-DENIS,2018-09-11 23:00:00,2018,9,,3
15,,ATMO,,0,FR15013,ZAG GRENOBLE,2018-09-14 23:00:00,2018,9,,3
16,,ATMO,,1,FR12041,ZAG TOULOUSE,2018-08-27 23:00:00,2018,8,,3
17,,ATMO,,0,FR31001,ZAG BORDEAUX,2018-09-11 23:00:00,2018,9,,3
18,,ATMO,,0,FR07004,ZAG CLERMONT-FERRAND,2018-09-17 23:00:00,2018,9,,3
19,,ATMO,,0,FR38001,ZAR SAINT-DENIS,2018-09-17 23:00:00,2018,9,,3
20,,ATMO,,0,FR38001,ZAR SAINT-DENIS,2018-09-17 23:00:00,2018,9,,3
21,,ATMO,,0,FR23001,ZAG NANTES-SAINT-NAZAIRE,2018-09-18 23:00:00,2018,9,,3
22,,ATMO,,0,FR20013,ZAG LYON,2018-09-18 23:00:00,2018,9,,3
23,,ATMO,,0,FR82006,ZAR BESANCON,2018-09-10 23:00:00,2018,9,,3
24,,ATMO,,3,FR19002,ZAG RENNES,2018-09-18 23:00:00,2018,9,,3
25,,ATMO,,3,FR19002,ZAG RENNES,2018-09-18 23:00:00,2018,9,,3
26,,ATMO,,0,FR38001,ZAR SAINT-DENIS,2018-09-18 23:00:00,2018,9,,3
27,,ATMO,,0,FR38001,ZAR SAINT-DENIS,2018-09-18 23:00:00,2018,9,,3
28,,ATMO,,0,FR34013,ZAG ORLEANS,2018-09-19 23:00:00,2018,9,,3
29,,ATMO,,0,FR04002,ZAG PARIS,2018-09-10 23:00:00,2018,9,,3
30,,ATMO,,0,FR32001,ZAR CHALON,2018-09-14 23:00:00,2018,9,,3
31,,ATMO,,0,FR31001,ZAG BORDEAUX,2018-09-19 23:00:00,2018,9,,3
32,,ATMO,,3,FR19002,ZAG RENNES,2018-09-20 23:00:00,2018,9,,3
33,,ATMO,,0,FR38001,ZAR SAINT-DENIS,2018-09-19 23:00:00,2018,9,,3
34,,ATMO,,0,FR38017,ZAR VOLCAN,2018-09-20 23:00:00,2018,9,,3
35,,ATMO,,0,FR23178,ZAG NANTES-SAINT-NAZAIRE,2018-02-18 23:00:00,2018,2,,1
36,,ATMO,,0,FR04179,ZAG PARIS,2018-08-10 23:00:00,2018,8,,3
37,,ATMO,,1,FR24007,ZAG NICE,2018-09-14 23:00:00,2018,9,,3
38,,ATMO,,0,FR28010,ZAG BLDV,2018-09-20 23:00:00,2018,9,,3
39,,ATMO,,0,FR38001,ZAR SAINT-DENIS,2018-09-20 23:00:00,2018,9,,3
40,,ATMO,,0,FR38017,ZAR VOLCAN,2018-09-21 23:00:00,2018,9,,3
41,,ATMO,,0,FR33101,ZAR PAYS-DE-SAVOIE,2018-09-10 23:00:00,2018,9,,3
42,,ATMO,,0,FR04002,ZAG PARIS,2018-09-10 23:00:00,2018,9,,3
43,,ATMO,,0,FR04002,ZAG PARIS,2018-09-15 23:00:00,2018,9,,3
44,,ATMO,,0,FR38001,ZAR SAINT-DENIS,2018-09-21 23:00:00,2018,9,,3
45,,ATMO,,0,FR38001,ZAR SAINT-DENIS,2018-09-22 23:00:00,2018,9,,3
46,,ATMO,,0,FR23001,ZAG NANTES-SAINT-NAZAIRE,2018-09-21 23:00:00,2018,9,,3
47,,ATMO,,0,FR04002,ZAG PARIS,2018-09-13 23:00:00,2018,9,,3
48,,ATMO,,0,FR38001,ZAR SAINT-DENIS,2018-09-16 23:00:00,2018,9,,3
49,,ATMO,,0,FR38001,ZAR SAINT-DENIS,2018-09-16 23:00:00,2018,9,,3
50,,ATMO,,0,FR23001,ZAG NANTES-SAINT-NAZAIRE,2018-01-11 23:00:00,2018,1,,1
51,,ATMO,,0,FR34013,ZAG ORLEANS,2018-09-22 23:00:00,2018,9,,3
52,,ATMO,,0,FR35002,ZR NOUVELLE-AQUITAINE,2018-07-03 23:00:00,2018,7,,3
53,,ATMO,,0,FR35002,ZR NOUVELLE-AQUITAINE,2018-08-20 23:00:00,2018,8,,3
54,,ATMO,,0,FR09003,ZR NOUVELLE-AQUITAINE,2018-09-15 23:00:00,2018,9,,3
55,,ATMO,,0,FR26005,ZAR DIJON,2018-09-21 23:00:00,2018,9,,3
56,,ATMO,,0,FR38001,ZAR SAINT-DENIS,2018-09-23 23:00:00,2018,9,,3
57,,ATMO,,0,FR38017,ZAR VOLCAN,2018-09-24 23:00:00,2018,9,,3
58,,ATMO,,1,FR15043,ZAG GRENOBLE,2018-06-20 23:00:00,2018,6,,2
59,,ATMO,,1,FR15043,ZAG GRENOBLE,2018-07-22 23:00:00,2018,7,,3
60,,ATMO,,0,FR14008,ZR GRAND-EST,2018-09-08 23:00:00,2018,9,,3
61,,ATMO,,0,FR02001,ZAG MARSEILLE-AIX,2018-09-17 23:00:00,2018,9,,3
62,,ATMO,,0,FR32001,ZAR CHALON,2018-09-22 23:00:00,2018,9,,3
63,,ATMO,,0,FR38001,ZAR SAINT-DENIS,2018-09-24 23:00:00,2018,9,,3
64,,ATMO,,0,FR38001,ZAR SAINT-DENIS,2018-09-24 23:00:00,2018,9,,3
65,,ATMO,,2,FR15018,ZAG GRENOBLE,2018-08-07 23:00:00,2018,8,,3
66,,ATMO,,0,FR20013,ZAG LYON,2018-09-21 23:00:00,2018,9,,3
67,,ATMO,,0,FR26005,ZAR DIJON,2018-09-16 23:00:00,2018,9,,3
68,,ATMO,,0,FR35002,ZR NOUVELLE-AQUITAINE,2018-09-25 23:00:00,2018,9,,3
69,,ATMO,,0,FR38001,ZAR SAINT-DENIS,2018-09-25 23:00:00,2018,9,,3
70,,ATMO,,0,FR38001,ZAR SAINT-DENIS,2018-09-25 23:00:00,2018,9,,3
71,,ATMO,,0,FR20013,ZAG LYON,2018-09-10 23:00:00,2018,9,,3
72,,ATMO,,0,FR15018,ZAG GRENOBLE,2018-09-26 23:00:00,2018,9,,3
73,,ATMO,,2,FR01011,ZAG METZ,2018-07-24 23:00:00,2018,7,,3
74,,ATMO,,0,FR01011,ZAG METZ,2018-09-13 23:00:00,2018,9,,3
75,,ATMO,,0,FR82006,ZAR BESANCON,2018-09-25 23:00:00,2018,9,,3
76,,ATMO,,0,FR38001,ZAR SAINT-DENIS,2018-09-26 23:00:00,2018,9,,3
77,,ATMO,,0,FR38001,ZAR SAINT-DENIS,2018-09-26 23:00:00,2018,9,,3
78,,ATMO,,0,FR23001,ZAG NANTES-SAINT-NAZAIRE,2018-09-22 23:00:00,2018,9,,3
79,,ATMO,,0,FR23001,ZAG NANTES-SAINT-NAZAIRE,2018-09-24 23:00:00,2018,9,,3
80,,ATMO,,0,FR14008,ZR GRAND-EST,2018-09-20 23:00:00,2018,9,,3
81,,ATMO,,0,FR38001,ZAR SAINT-DENIS,2018-09-27 23:00:00,2018,9,,3
82,,ATMO,,0,FR38001,ZAR SAINT-DENIS,2018-09-27 23:00:00,2018,9,,3
83,,ATMO,,0,FR15018,ZAG GRENOBLE,2018-09-28 06:00:00,2018,9,,3
84,,ATMO,,0,FR04002,ZAG PARIS,2018-09-19 23:00:00,2018,9,,3
85,,ATMO,,0,FR38001,ZAR SAINT-DENIS,2018-09-28 23:00:00,2018,9,,3
86,,ATMO,,0,FR38017,ZAR VOLCAN,2018-09-29 23:00:00,2018,9,,3
87,,ATMO,,0,FR36001,ZAR VALLEE-DU-RHONE,2018-09-28 04:00:00,2018,9,,3
88,,ATMO,,0,FR04002,ZAG PARIS,2018-09-20 23:00:00,2018,9,,3
89,,ATMO,,0,FR38001,ZAR SAINT-DENIS,2018-08-31 23:00:00,2018,8,,3
90,,ATMO,,0,FR38001,ZAR SAINT-DENIS,2018-09-15 23:00:00,2018,9,,3
91,,ATMO,,0,FR38001,ZAR SAINT-DENIS,2018-09-15 23:00:00,2018,9,,3
92,,ATMO,,0,FR23001,ZAG NANTES-SAINT-NAZAIRE,2018-09-24 23:00:00,2018,9,,3
93,,ATMO,,2,FR27003,ZR AUVERGNE-RHONE-ALPES,2018-09-27 23:00:00,2018,9,,3
94,,ATMO,,0,FR32001,ZAR CHALON,2018-09-24 23:00:00,2018,9,,3
95,,ATMO,,0,FR12004,ZAG TOULOUSE,2018-09-28 13:00:00,2018,9,,3
96,,ATMO,,0,FR41001,ZAR AJACCIO,2018-09-30 23:00:00,2018,9,,3
97,,ATMO,,0,FR38001,ZAR SAINT-DENIS,2018-09-16 23:00:00,2018,9,,3
98,,ATMO,,0,FR38001,ZAR SAINT-DENIS,2018-09-28 23:00:00,2018,9,,3
99,,ATMO,,0,FR38001,ZAR SAINT-DENIS,2018-09-28 23:00:00,2018,9,,3
100,,ATMO,,0,FR23001,ZAG NANTES-SAINT-NAZAIRE,2018-09-16 23:00:00,2018,9,,3
101,,ATMO,,0,FR33101,ZAR PAYS-DE-SAVOIE,2018-09-22 23:00:00,2018,9,,3
102,,ATMO,,0,FR35002,ZR NOUVELLE-AQUITAINE,2018-09-10 23:00:00,2018,9,,3
103,,ATMO,,0,FR35002,ZR NOUVELLE-AQUITAINE,2018-09-28 23:00:00,2018,9,,3
104,,ATMO,,0,FR38001,ZAR SAINT-DENIS,2018-10-01 23:00:00,2018,10,,4
105,,ATMO,,0,FR38011,ZAR VOLCAN,2018-10-01 23:00:00,2018,10,,4
106,,ATMO,,0,FR15018,ZAG GRENOBLE,2018-09-13 23:00:00,2018,9,,3
107,,ATMO,,0,FR27003,ZR AUVERGNE-RHONE-ALPES,2018-10-02 23:00:00,2018,10,,4
108,,ATMO,,1,FR12004,ZAG TOULOUSE,2018-05-21 23:00:00,2018,5,,2
109,,ATMO,,2,FR12004,ZAG TOULOUSE,2018-07-26 23:00:00,2018,7,,3
110,,ATMO,,0,FR12004,ZAG TOULOUSE,2018-09-13 23:00:00,2018,9,,3
111,,ATMO,,0,FR26005,ZAR DIJON,2018-09-28 23:00:00,2018,9,,3
112,,ATMO,,0,FR38001,ZAR SAINT-DENIS,2018-10-02 23:00:00,2018,10,,4
113,,ATMO,,0,FR38011,ZAR VOLCAN,2018-10-03 23:00:00,2018,10,,4
114,,ATMO,,0,FR34013,ZAG ORLEANS,2018-10-02 23:00:00,2018,10,,4
115,,ATMO,,0,FR20013,ZAG LYON,2018-10-01 23:00:00,2018,10,,4
116,,ATMO,,0,FR30019,ZR GRAND-EST,2018-08-24 23:00:00,2018,8,,3
117,,ATMO,,0,FR35002,ZR NOUVELLE-AQUITAINE,2018-09-25 23:00:00,2018,9,,3
118,,ATMO,,0,FR35002,ZR NOUVELLE-AQUITAINE,2018-10-02 23:00:00,2018,10,,4
119,,ATMO,,0,FR38001,ZAR SAINT-DENIS,2018-10-03 23:00:00,2018,10,,4
120,,ATMO,,0,FR38011,ZAR VOLCAN,2018-10-03 23:00:00,2018,10,,4
121,,ATMO,,0,FR23001,ZAG NANTES-SAINT-NAZAIRE,2018-09-15 23:00:00,2018,9,,3
122,,ATMO,,0,FR27003,ZR AUVERGNE-RHONE-ALPES,2018-10-03 23:00:00,2018,10,,4
123,,ATMO,,0,FR09003,ZR NOUVELLE-AQUITAINE,2018-09-23 23:00:00,2018,9,,3
124,,ATMO,,0,FR22009,ZR GRAND-EST,2018-10-04 23:00:00,2018,10,,4
125,,ATMO,,0,FR38001,ZAR SAINT-DENIS,2018-10-04 23:00:00,2018,10,,4
126,,ATMO,,0,FR38001,ZAR SAINT-DENIS,2018-10-04 23:00:00,2018,10,,4
127,,ATMO,,0,FR27003,ZR AUVERGNE-RHONE-ALPES,2018-09-14 23:00:00,2018,9,,3
128,,ATMO,,0,FR14008,ZR GRAND-EST,2018-10-04 23:00:00,2018,10,,4
129,,ATMO,,0,FR38001,ZAR SAINT-DENIS,2018-10-05 23:00:00,2018,10,,4
130,,ATMO,,0,FR38001,ZAR SAINT-DENIS,2018-10-05 23:00:00,2018,10,,4
131,,ATMO,,0,FR36001,ZAR VALLEE-DU-RHONE,2018-10-05 06:00:00,2018,10,,4
132,,ATMO,,0,FR06001,ZAG BLDV,2018-10-05 23:00:00,2018,10,,4
133,,ATMO,,0,FR38001,ZAR SAINT-DENIS,2018-09-30 23:00:00,2018,9,,3
134,,ATMO,,0,FR38001,ZAR SAINT-DENIS,2018-10-07 23:00:00,2018,10,,4
135,,ATMO,,0,FR23001,ZAG NANTES-SAINT-NAZAIRE,2018-09-16 23:00:00,2018,9,,3
136,,ATMO,,0,FR33101,ZAR PAYS-DE-SAVOIE,2018-10-01 23:00:00,2018,10,,4
137,,ATMO,,0,FR10017,ZAR COTE-D-OPALE,2018-08-01 23:00:00,2018,8,,3
138,,ATMO,,0,FR31001,ZAG BORDEAUX,2018-09-10 23:00:00,2018,9,,3
139,,ATMO,,0,FR10004,ZAR COTE-D-OPALE,2018-09-23 23:00:00,2018,9,,3
140,,ATMO,,0,FR10004,ZAR COTE-D-OPALE,2018-10-02 23:00:00,2018,10,,4
141,,ATMO,,0,FR02001,ZAG MARSEILLE-AIX,2018-10-06 23:00:00,2018,10,,4
142,,ATMO,,0,FR38001,ZAR SAINT-DENIS,2018-10-01 23:00:00,2018,10,,4
143,,ATMO,,0,FR38001,ZAR SAINT-DENIS,2018-10-08 23:00:00,2018,10,,4
144,,ATMO,,0,FR23001,ZAG NANTES-SAINT-NAZAIRE,2018-10-02 23:00:00,2018,10,,4
145,,ATMO,,0,FR33101,ZAR PAYS-DE-SAVOIE,2018-09-30 23:00:00,2018,9,,3
146,,ATMO,,0,FR12021,ZAG TOULOUSE,2018-06-15 23:00:00,2018,6,,2
147,,ATMO,,0,FR12004,ZAG TOULOUSE,2018-09-19 23:00:00,2018,9,,3
148,,ATMO,,0,FR32001,ZAR CHALON,2018-10-06 23:00:00,2018,10,,4
149,,ATMO,,0,FR38001,ZAR SAINT-DENIS,2018-10-04 23:00:00,2018,10,,4
150,,ATMO,,0,FR38001,ZAR SAINT-DENIS,2018-10-04 23:00:00,2018,10,,4
151,,ATMO,,0,FR23001,ZAG NANTES-SAINT-NAZAIRE,2018-09-28 23:00:00,2018,9,,3
152,,ATMO,,0,FR28010,ZAG BLDV,2018-08-06 23:00:00,2018,8,,3
153,,ATMO,,0,FR28010,ZAG BLDV,2018-09-10 23:00:00,2018,9,,3
154,,ATMO,,0,FR02001,ZAG MARSEILLE-AIX,2018-10-03 23:00:00,2018,10,,4
155,,ATMO,,0,FR28010,ZAG BLDV,2018-10-09 23:00:00,2018,10,,4
156,,ATMO,,0,FR38001,ZAR SAINT-DENIS,2018-10-09 23:00:00,2018,10,,4
157,,ATMO,,0,FR38001,ZAR SAINT-DENIS,2018-10-10 23:00:00,2018,10,,4
158,,ATMO,,0,FR23001,ZAG NANTES-SAINT-NAZAIRE,2018-10-09 23:00:00,2018,10,,4
159,,ATMO,,0,FR27003,ZR AUVERGNE-RHONE-ALPES,2018-10-10 23:00:00,2018,10,,4
160,,ATMO,,1,FR04002,ZAG PARIS,2018-09-27 23:00:00,2018,9,,3
161,,ATMO,,0,FR38001,ZAR SAINT-DENIS,2018-10-10 23:00:00,2018,10,,4
162,,ATMO,,0,FR38017,ZAR VOLCAN,2018-10-11 23:00:00,2018,10,,4
163,,ATMO,,0,FR23001,ZAG NANTES-SAINT-NAZAIRE,2018-10-08 23:00:00,2018,10,,4
164,,ATMO,,1,FR07004,ZAG CLERMONT-FERRAND,2018-08-01 23:00:00,2018,8,,3
165,,ATMO,,1,FR12004,ZAG TOULOUSE,2018-08-08 23:00:00,2018,8,,3
166,,ATMO,,0,FR22009,ZR GRAND-EST,2018-09-18 23:00:00,2018,9,,3
167,,ATMO,,0,FR10004,ZAR COTE-D-OPALE,2018-10-03 23:00:00,2018,10,,4
168,,ATMO,,1,FR24007,ZAG NICE,2018-10-09 23:00:00,2018,10,,4
169,,ATMO,,0,FR38001,ZAR SAINT-DENIS,2018-10-11 23:00:00,2018,10,,4
170,,ATMO,,0,FR38001,ZAR SAINT-DENIS,2018-10-12 23:00:00,2018,10,,4
171,,ATMO,,0,FR15018,ZAG GRENOBLE,2018-10-12 06:00:00,2018,10,,4
172,,ATMO,,0,FR04002,ZAG PARIS,2018-10-03 23:00:00,2018,10,,4
173,,ATMO,,0,FR38001,ZAR SAINT-DENIS,2018-10-12 23:00:00,2018,10,,4
174,,ATMO,,0,FR38001,ZAR SAINT-DENIS,2018-10-12 23:00:00,2018,10,,4
175,,ATMO,,0,FR34013,ZAG ORLEANS,2018-10-12 23:00:00,2018,10,,4
176,,ATMO,,0,FR07004,ZAG CLERMONT-FERRAND,2018-10-12 05:00:00,2018,10,,4
177,,ATMO,,0,FR38001,ZAR SAINT-DENIS,2018-10-07 23:00:00,2018,10,,4
178,,ATMO,,0,FR38016,ZAR VOLCAN,2018-10-14 23:00:00,2018,10,,4
179,,ATMO,,0,FR15018,ZAG GRENOBLE,2018-10-12 23:00:00,2018,10,,4
180,,ATMO,,0,FR29424,ZAG SAINT-ETIENNE,2018-10-10 23:00:00,2018,10,,4
181,,ATMO,,0,FR82006,ZAR BESANCON,2018-09-18 23:00:00,2018,9,,3
182,,ATMO,,0,FR02001,ZAG MARSEILLE-AIX,2018-10-11 23:00:00,2018,10,,4
183,,ATMO,,1,FR24007,ZAG NICE,2018-10-14 23:00:00,2018,10,,4
184,,ATMO,,0,FR05089,ZAR LE-HAVRE,2018-10-12 23:00:00,2018,10,,4
185,,ATMO,,0,FR38001,ZAR SAINT-DENIS,2018-10-14 23:00:00,2018,10,,4
186,,ATMO,,0,FR38001,ZAR SAINT-DENIS,2018-10-14 23:00:00,2018,10,,4
187,,ATMO,,0,FR33122,ZAR VALLEE-DE-LA-TARANTAISE,2018-01-03 23:00:00,2018,1,,1
188,,ATMO,,0,FR33121,ZAR VALLEE-DE-LA-TARANTAISE,2018-02-09 23:00:00,2018,2,,1
189,,ATMO,,0,FR33122,ZAR VALLEE-DE-LA-TARANTAISE,2018-06-13 23:00:00,2018,6,,2
190,,ATMO,,0,FR33101,ZAR PAYS-DE-SAVOIE,2018-09-05 23:00:00,2018,9,,3
191,,ATMO,,0,FR31001,ZAG BORDEAUX,2018-09-24 23:00:00,2018,9,,3
192,,ATMO,,2,FR31001,ZAG BORDEAUX,2018-10-04 23:00:00,2018,10,,4
193,,ATMO,,0,FR23001,ZAG NANTES-SAINT-NAZAIRE,2018-10-12 23:00:00,2018,10,,4
194,,ATMO,,0,FR41001,ZAR AJACCIO,2018-10-15 23:00:00,2018,10,,4
195,,ATMO,,0,FR38001,ZAR SAINT-DENIS,2018-02-28 23:00:00,2018,2,,1
196,,ATMO,,0,FR38021,ZAR SAINT-DENIS,2018-04-04 23:00:00,2018,4,,2
197,,ATMO,,0,FR38021,ZAR SAINT-DENIS,2018-04-04 23:00:00,2018,4,,2
198,,ATMO,,0,FR38002,ZAR SAINT-DENIS,2018-07-15 23:00:00,2018,7,,3
199,,ATMO,,0,FR38001,ZAR SAINT-DENIS,2018-09-25 23:00:00,2018,9,,3
200,,ATMO,,0,FR19002,ZAG RENNES,2018-02-23 23:00:00,2018,2,,1
201,,ATMO,,0,FR31001,ZAG BORDEAUX,2018-04-08 23:00:00,2018,4,,2
202,,ATMO,,0,FR31001,ZAG BORDEAUX,2018-05-14 23:00:00,2018,5,,2
203,,ATMO,,0,FR19002,ZAG RENNES,2018-06-19 23:00:00,2018,6,,2
204,,ATMO,,0,FR19002,ZAG RENNES,2018-08-07 23:00:00,2018,8,,3
205,,ATMO,,0,FR09003,ZR NOUVELLE-AQUITAINE,2018-09-05 23:00:00,2018,9,,3
206,,ATMO,,0,FR14008,ZR GRAND-EST,2018-09-21 23:00:00,2018,9,,3
207,,ATMO,,0,FR26005,ZAR DIJON,2018-10-10 23:00:00,2018,10,,4
208,,ATMO,,0,FR07004,ZAG CLERMONT-FERRAND,2018-10-16 23:00:00,2018,10,,4
209,,ATMO,,0,FR41001,ZAR AJACCIO,2018-10-12 23:00:00,2018,10,,4
210,,ATMO,,0,FR41001,ZAR AJACCIO,2018-10-13 23:00:00,2018,10,,4
211,,ATMO,,0,FR41001,ZAR AJACCIO,2018-02-01 23:00:00,2018,2,,1
212,,ATMO,,0,FR41001,ZAR AJACCIO,2018-05-20 23:00:00,2018,5,,2
213,,ATMO,,0,FR41001,ZAR AJACCIO,2018-09-03 23:00:00,2018,9,,3
214,,ATMO,,1,FR27003,ZR AUVERGNE-RHONE-ALPES,2018-10-17 23:00:00,2018,10,,4
215,,ATMO,,0,FR82006,ZAR BESANCON,2018-09-22 23:00:00,2018,9,,3
216,,ATMO,,0,FR12004,ZAG TOULOUSE,2018-10-11 23:00:00,2018,10,,4
217,,ATMO,,0,FR10004,ZAR COTE-D-OPALE,2018-10-17 23:00:00,2018,10,,4
218,,ATMO,,0,FR38001,ZAR SAINT-DENIS,2018-10-17 23:00:00,2018,10,,4
219,,ATMO,,0,FR38001,ZAR SAINT-DENIS,2018-10-18 23:00:00,2018,10,,4
220,,ATMO,,0,FR23001,ZAG NANTES-SAINT-NAZAIRE,2018-10-18 23:00:00,2018,10,,4
221,,ATMO,,0,FR09003,ZR NOUVELLE-AQUITAINE,2018-04-11 23:00:00,2018,4,,2
222,,ATMO,,0,FR11026,ZAG LILLE,2018-09-03 23:00:00,2018,9,,3
223,,ATMO,,0,FR22009,ZR GRAND-EST,2018-10-03 23:00:00,2018,10,,4
224,,ATMO,,0,FR12004,ZAG TOULOUSE,2018-10-15 23:00:00,2018,10,,4
225,,ATMO,,0,FR35002,ZR NOUVELLE-AQUITAINE,2018-10-18 22:00:00,2018,10,,4
226,,ATMO,,0,FR38001,ZAR SAINT-DENIS,2018-10-18 23:00:00,2018,10,,4
227,,ATMO,,0,FR38011,ZAR VOLCAN,2018-10-19 23:00:00,2018,10,,4
228,,ATMO,,0,FR36001,ZAR VALLEE-DU-RHONE,2018-10-19 04:00:00,2018,10,,4
229,,ATMO,,1,FR32002,ZAR CHALON,2018-07-31 23:00:00,2018,7,,3
230,,ATMO,,1,FR32006,ZR BOURGOGNE-FRANCHE-COMTE,2018-08-15 23:00:00,2018,8,,3
231,,ATMO,,0,FR82006,ZAR BESANCON,2018-09-30 23:00:00,2018,9,,3
232,,ATMO,,0,FR38001,ZAR SAINT-DENIS,2018-10-11 23:00:00,2018,10,,4
233,,ATMO,,0,FR38017,ZAR VOLCAN,2018-10-20 23:00:00,2018,10,,4
234,,ATMO,,0,FR34013,ZAG ORLEANS,2018-10-18 23:00:00,2018,10,,4
235,,ATMO,,0,FR32001,ZAR CHALON,2018-09-19 23:00:00,2018,9,,3
236,,ATMO,,0,FR32001,ZAR CHALON,2018-10-19 06:00:00,2018,10,,4
237,,ATMO,,0,FR34013,ZAG ORLEANS,2018-10-16 23:00:00,2018,10,,4
238,,ATMO,,0,FR33101,ZAR PAYS-DE-SAVOIE,2018-09-15 23:00:00,2018,9,,3
239,,ATMO,,0,FR28010,ZAG BLDV,2018-04-03 23:00:00,2018,4,,2
240,,ATMO,,1,FR29424,ZAG SAINT-ETIENNE,2018-10-19 23:00:00,2018,10,,4
241,,ATMO,,0,FR36001,ZAR VALLEE-DU-RHONE,2018-10-21 23:00:00,2018,10,,4
242,,ATMO,,1,FR20013,ZAG LYON,2018-10-18 23:00:00,2018,10,,4
243,,ATMO,,0,FR31001,ZAG BORDEAUX,2018-01-18 23:00:00,2018,1,,1
244,,ATMO,,0,FR31001,ZAG BORDEAUX,2018-02-04 23:00:00,2018,2,,1
245,,ATMO,,0,FR31001,ZAG BORDEAUX,2018-04-03 23:00:00,2018,4,,2
246,,ATMO,,0,FR10017,ZAR COTE-D-OPALE,2018-05-14 23:00:00,2018,5,,2
247,,ATMO,,0,FR14008,ZR GRAND-EST,2018-09-17 23:00:00,2018,9,,3
248,,ATMO,,0,FR41001,ZAR AJACCIO,2018-10-15 23:00:00,2018,10,,4
249,,ATMO,,0,FR22009,ZR GRAND-EST,2018-10-22 23:00:00,2018,10,,4
250,,ATMO,,0,FR38001,ZAR SAINT-DENIS,2018-10-14 23:00:00,2018,10,,4
251,,ATMO,,0,FR38017,ZAR VOLCAN,2018-10-21 23:00:00,2018,10,,4
252,,ATMO,,0,FR23001,ZAG NANTES-SAINT-NAZAIRE,2018-10-19 23:00:00,2018,10,,4
253,,ATMO,,1,FR20013,ZAG LYON,2018-10-21 23:00:00,2018,10,,4
254,,ATMO,,0,FR31001,ZAG BORDEAUX,2018-02-10 23:00:00,2018,2,,1
255,,ATMO,,0,FR06003,ZAG BLDV,2018-07-17 23:00:00,2018,7,,3
256,,ATMO,,0,FR32001,ZAR CHALON,2018-10-18 23:00:00,2018,10,,4
257,,ATMO,,0,FR38001,ZAR SAINT-DENIS,2018-10-23 23:00:00,2018,10,,4
258,,ATMO,,0,FR38001,ZAR SAINT-DENIS,2018-10-23 23:00:00,2018,10,,4
259,,ATMO,,2,FR20013,ZAG LYON,2018-10-19 23:00:00,2018,10,,4
260,,ATMO,,0,FR12004,ZAG TOULOUSE,2018-10-23 23:00:00,2018,10,,4
261,,ATMO,,0,FR26005,ZAR DIJON,2018-10-12 23:00:00,2018,10,,4
262,,ATMO,,0,FR35002,ZR NOUVELLE-AQUITAINE,2018-10-24 22:00:00,2018,10,,4
263,,ATMO,,0,FR37001,ZAG POINTE-A-PITRE,2018-10-24 23:00:00,2018,10,,4
264,,ATMO,,0,FR08003,ZAG MONTPELLIER,2018-10-03 23:00:00,2018,10,,4
265,,ATMO,,0,FR08003,ZAG MONTPELLIER,2018-10-24 23:00:00,2018,10,,4
266,,ATMO,,0,FR38001,ZAR SAINT-DENIS,2018-10-24 23:00:00,2018,10,,4
267,,ATMO,,0,FR38001,ZAR SAINT-DENIS,2018-10-25 23:00:00,2018,10,,4
268,,ATMO,,0,FR23001,ZAG NANTES-SAINT-NAZAIRE,2018-10-25 23:00:00,2018,10,,4
269,,ATMO,,1,FR07004,ZAG CLERMONT-FERRAND,2018-08-01 23:00:00,2018,8,,3
270,,ATMO,,0,FR06001,ZAG BLDV,2018-01-22 23:00:00,2018,1,,1
271,,ATMO,,0,FR28010,ZAG BLDV,2018-04-05 23:00:00,2018,4,,2
272,,ATMO,,0,FR06001,ZAG BLDV,2018-06-09 23:00:00,2018,6,,2
273,,ATMO,,0,FR12004,ZAG TOULOUSE,2018-10-09 23:00:00,2018,10,,4
274,,ATMO,,0,FR37001,ZAG POINTE-A-PITRE,2018-10-23 23:00:00,2018,10,,4
275,,ATMO,,0,FR02001,ZAG MARSEILLE-AIX,2018-10-26 05:00:00,2018,10,,4
276,,ATMO,,0,FR08003,ZAG MONTPELLIER,2018-10-25 23:00:00,2018,10,,4
277,,ATMO,,0,FR38001,ZAR SAINT-DENIS,2018-10-25 23:00:00,2018,10,,4
278,,ATMO,,0,FR38001,ZAR SAINT-DENIS,2018-10-26 23:00:00,2018,10,,4
279,,ATMO,,0,FR36001,ZAR VALLEE-DU-RHONE,2018-10-26 04:00:00,2018,10,,4
280,,ATMO,,0,FR10004,ZAR COTE-D-OPALE,2018-10-23 23:00:00,2018,10,,4
281,,ATMO,,0,FR08003,ZAG MONTPELLIER,2018-10-26 05:00:00,2018,10,,4
282,,ATMO,,0,FR04002,ZAG PARIS,2018-10-18 23:00:00,2018,10,,4
283,,ATMO,,0,FR23001,ZAG NANTES-SAINT-NAZAIRE,2018-10-26 23:00:00,2018,10,,4
284,,ATMO,,0,FR08617,ZAR NIMES,1970-01-01 00:00:00,1970,1,,1
285,,ATMO,,0,FR31008,ZR NOUVELLE-AQUITAINE,2018-08-27 23:00:00,2018,8,,3
286,,ATMO,,0,FR33101,ZAR PAYS-DE-SAVOIE,2018-09-13 23:00:00,2018,9,,3
287,,ATMO,,0,FR41001,ZAR AJACCIO,2018-10-19 23:00:00,2018,10,,4
288,,ATMO,,0,FR02001,ZAG MARSEILLE-AIX,2018-10-27 23:00:00,2018,10,,4
289,,ATMO,,0,FR06001,ZAG BLDV,2018-10-29 13:00:00,2018,10,,4
290,,ATMO,,1,FR30016,ZAG NANCY,2018-10-11 23:00:00,2018,10,,4
291,,ATMO,,0,FR30016,ZAG NANCY,2018-10-21 23:00:00,2018,10,,4
292,,ATMO,,0,FR07004,ZAG CLERMONT-FERRAND,2018-10-28 23:00:00,2018,10,,4
293,,ATMO,,0,FR35002,ZR NOUVELLE-AQUITAINE,2018-10-30 06:00:00,2018,10,,4
294,,ATMO,,0,FR08003,ZAG MONTPELLIER,2018-10-29 23:00:00,2018,10,,4
295,,ATMO,,0,FR14008,ZR GRAND-EST,2018-09-23 23:00:00,2018,9,,3
296,,ATMO,,0,FR14008,ZR GRAND-EST,2018-10-04 23:00:00,2018,10,,4
297,,ATMO,,0,FR82006,ZAR BESANCON,2018-10-25 23:00:00,2018,10,,4
298,,ATMO,,0,FR22009,ZR GRAND-EST,2018-10-30 23:00:00,2018,10,,4
299,,ATMO,,0,FR40006,ZR GUYANE,2018-10-23 23:00:00,2018,10,,4
300,,ATMO,,0,FR08003,ZAG MONTPELLIER,2018-10-29 23:00:00,2018,10,,4
301,,ATMO,,0,FR23001,ZAG NANTES-SAINT-NAZAIRE,2018-10-31 23:00:00,2018,10,,4
302,,ATMO,,0,FR08003,ZAG MONTPELLIER,2018-10-31 06:00:00,2018,10,,4
303,,ATMO,,3,FR19002,ZAG RENNES,2018-10-30 23:00:00,2018,10,,4
304,,ATMO,,0,FR26005,ZAR DIJON,2018-10-12 23:00:00,2018,10,,4
305,,ATMO,,0,FR20013,ZAG LYON,2018-10-30 23:00:00,2018,10,,4
306,,ATMO,,0,FR41001,ZAR AJACCIO,2018-11-01 23:00:00,2018,11,,4
307,,ATMO,,0,FR40006,ZR GUYANE,2018-10-24 23:00:00,2018,10,,4
308,,ATMO,,0,FR08003,ZAG MONTPELLIER,2018-10-30 23:00:00,2018,10,,4
309,,ATMO,,0,FR33101,ZAR PAYS-DE-SAVOIE,2018-10-31 23:00:00,2018,10,,4
310,,ATMO,,0,FR08003,ZAG MONTPELLIER,2018-11-02 06:00:00,2018,11,,4
311,,ATMO,,0,FR34013,ZAG ORLEANS,2018-10-28 23:00:00,2018,10,,4
312,,ATMO,,0,FR06001,ZAG BLDV,2018-11-04 06:00:00,2018,11,,4
313,,ATMO,,0,FR08614,ZAR NIMES,1970-01-01 00:00:00,1970,1,,1
314,,ATMO,,1,FR14008,ZR GRAND-EST,2018-08-01 23:00:00,2018,8,,3
315,,ATMO,,0,FR16031,ZR GRAND-EST,2018-08-20 23:00:00,2018,8,,3
316,,ATMO,,2,FR19002,ZAG RENNES,2018-10-11 15:00:00,2018,10,,4
317,,ATMO,,0,FR20013,ZAG LYON,2018-10-25 23:00:00,2018,10,,4
318,,ATMO,,0,FR03006,ZAG MARSEILLE-AIX,2018-11-01 23:00:00,2018,11,,4
319,,ATMO,,0,FR20013,ZAG LYON,2018-11-03 23:00:00,2018,11,,4
320,,ATMO,,0,FR08003,ZAG MONTPELLIER,2018-10-21 23:00:00,2018,10,,4
321,,ATMO,,0,FR38001,ZAR SAINT-DENIS,2018-09-30 23:00:00,2018,9,,3
322,,ATMO,,0,FR38001,ZAR SAINT-DENIS,2018-10-14 23:00:00,2018,10,,4
323,,ATMO,,0,FR38001,ZAR SAINT-DENIS,2018-10-14 23:00:00,2018,10,,4
324,,ATMO,,0,FR26005,ZAR DIJON,2018-09-13 23:00:00,2018,9,,3
325,,ATMO,,0,FR26005,ZAR DIJON,2018-10-01 23:00:00,2018,10,,4
326,,ATMO,,0,FR26005,ZAR DIJON,2018-10-17 23:00:00,2018,10,,4
327,,ATMO,,0,FR24007,ZAG NICE,2018-10-31 23:00:00,2018,10,,4
328,,ATMO,,0,FR01011,ZAG METZ,2018-11-05 23:00:00,2018,11,,4
329,,ATMO,,1,FR08016,ZAG MONTPELLIER,2018-07-31 23:00:00,2018,7,,3
330,,ATMO,,0,FR08003,ZAG MONTPELLIER,2018-09-25 23:00:00,2018,9,,3
331,,ATMO,,0,FR01059,ZAG METZ,2018-11-06 23:00:00,2018,11,,4
332,,ATMO,,0,FR38001,ZAR SAINT-DENIS,2018-11-05 23:00:00,2018,11,,4
333,,ATMO,,0,FR38001,ZAR SAINT-DENIS,2018-11-05 23:00:00,2018,11,,4
334,,ATMO,,2,FR16017,ZR GRAND-EST,2018-07-27 23:00:00,2018,7,,3
335,,ATMO,,1,FR27003,ZR AUVERGNE-RHONE-ALPES,2018-10-18 23:00:00,2018,10,,4
336,,ATMO,,0,FR26005,ZAR DIJON,2018-11-04 23:00:00,2018,11,,4
337,,ATMO,,2,FR08022,ZR OCCITANIE,2018-06-25 23:00:00,2018,6,,2
338,,ATMO,,0,FR38001,ZAR SAINT-DENIS,2018-11-06 23:00:00,2018,11,,4
339,,ATMO,,0,FR38011,ZAR VOLCAN,2018-11-07 23:00:00,2018,11,,4
340,,ATMO,,0,FR19002,ZAG RENNES,2018-10-31 23:00:00,2018,10,,4
341,,ATMO,,0,FR15018,ZAG GRENOBLE,2018-10-19 23:00:00,2018,10,,4
342,,ATMO,,0,FR03006,ZAG MARSEILLE-AIX,2018-11-02 23:00:00,2018,11,,4
343,,ATMO,,0,FR01011,ZAG METZ,2018-11-07 10:00:00,2018,11,,4
344,,ATMO,,0,FR37001,ZAG POINTE-A-PITRE,2018-11-01 23:00:00,2018,11,,4
345,,ATMO,,0,FR08003,ZAG MONTPELLIER,2018-11-06 23:00:00,2018,11,,4
346,,ATMO,,0,FR38001,ZAR SAINT-DENIS,2018-11-07 23:00:00,2018,11,,4
347,,ATMO,,0,FR38001,ZAR SAINT-DENIS,2018-11-07 23:00:00,2018,11,,4
348,,ATMO,,0,FR31001,ZAG BORDEAUX,2018-10-25 23:00:00,2018,10,,4
349,,ATMO,,1,FR15031,ZR PROVENCE-ALPES-COTE-D-AZUR,2018-09-04 23:00:00,2018,9,,3
350,,ATMO,,0,FR03006,ZAG MARSEILLE-AIX,2018-10-11 23:00:00,2018,10,,4
351,,ATMO,,0,FR26005,ZAR DIJON,2018-10-31 23:00:00,2018,10,,4
352,,ATMO,,0,FR32001,ZAR CHALON,2018-11-05 23:00:00,2018,11,,4
353,,ATMO,,0,FR32001,ZAR CHALON,2018-11-08 23:00:00,2018,11,,4
354,,ATMO,,0,FR08003,ZAG MONTPELLIER,2018-10-24 23:00:00,2018,10,,4
355,,ATMO,,0,FR38001,ZAR SAINT-DENIS,2018-11-08 23:00:00,2018,11,,4
356,,ATMO,,0,FR38017,ZAR VOLCAN,2018-11-09 23:00:00,2018,11,,4
357,,ATMO,,0,FR20013,ZAG LYON,2018-11-07 23:00:00,2018,11,,4
358,,ATMO,,0,FR40006,ZR GUYANE,2018-11-09 23:00:00,2018,11,,4
359,,ATMO,,0,FR08003,ZAG MONTPELLIER,2018-11-09 07:00:00,2018,11,,4
360,,ATMO,,0,FR38001,ZAR SAINT-DENIS,2018-11-09 23:00:00,2018,11,,4
361,,ATMO,,0,FR38001,ZAR SAINT-DENIS,2018-11-09 23:00:00,2018,11,,4
362,,ATMO,,0,FR04002,ZAG PARIS,2018-11-01 23:00:00,2018,11,,4
363,,ATMO,,0,FR36002,ZAR VALLEE-DU-RHONE,2018-11-10 23:00:00,2018,11,,4
364,,ATMO,,0,FR40006,ZR GUYANE,2018-10-29 23:00:00,2018,10,,4
365,,ATMO,,0,FR08023,ZR OCCITANIE,1970-01-01 00:00:00,1970,1,,1
366,,ATMO,,0,FR38001,ZAR SAINT-DENIS,2018-11-04 23:00:00,2018,11,,4
367,,ATMO,,0,FR38017,ZAR VOLCAN,2018-11-11 23:00:00,2018,11,,4
368,,ATMO,,0,FR19002,ZAG RENNES,2018-09-04 23:00:00,2018,9,,3
369,,ATMO,,0,FR12020,ZR OCCITANIE,2018-01-28 23:00:00,2018,1,,1
370,,ATMO,,0,FR12015,ZR OCCITANIE,2018-04-29 23:00:00,2018,4,,2
371,,ATMO,,0,FR26005,ZAR DIJON,2018-11-07 23:00:00,2018,11,,4
372,,ATMO,,0,FR06001,ZAG BLDV,2018-11-10 23:00:00,2018,11,,4
373,,ATMO,,0,FR10004,ZAR COTE-D-OPALE,2018-11-12 13:00:00,2018,11,,4
374,,ATMO,,0,FR08003,ZAG MONTPELLIER,2018-10-31 23:00:00,2018,10,,4
375,,ATMO,,0,FR38001,ZAR SAINT-DENIS,2018-11-11 23:00:00,2018,11,,4
376,,ATMO,,2,FR19002,ZAG RENNES,2018-10-01 23:00:00,2018,10,,4
377,,ATMO,,0,FR41001,ZAR AJACCIO,2018-01-21 23:00:00,2018,1,,1
378,,ATMO,,0,FR12004,ZAG TOULOUSE,2018-09-09 23:00:00,2018,9,,3
379,,ATMO,,0,FR07004,ZAG CLERMONT-FERRAND,2018-10-04 23:00:00,2018,10,,4
380,,ATMO,,2,FR19002,ZAG RENNES,2018-11-01 23:00:00,2018,11,,4
381,,ATMO,,0,FR41001,ZAR AJACCIO,2018-11-09 23:00:00,2018,11,,4
382,,ATMO,,0,FR40006,ZR GUYANE,2018-11-12 23:00:00,2018,11,,4
383,,ATMO,,0,FR08003,ZAG MONTPELLIER,2018-11-08 23:00:00,2018,11,,4
384,,ATMO,,0,FR38001,ZAR SAINT-DENIS,2018-11-12 23:00:00,2018,11,,4
385,,ATMO,,0,FR38017,ZAR VOLCAN,2018-11-13 23:00:00,2018,11,,4
386,,ATMO,,0,FR22009,ZR GRAND-EST,2018-09-28 23:00:00,2018,9,,3
387,,ATMO,,0,FR22009,ZR GRAND-EST,2018-10-05 23:00:00,2018,10,,4
388,,ATMO,,0,FR22009,ZR GRAND-EST,2018-10-27 23:00:00,2018,10,,4
389,,ATMO,,0,FR82006,ZAR BESANCON,2018-11-11 23:00:00,2018,11,,4
390,,ATMO,,0,FR08003,ZAG MONTPELLIER,2018-10-31 23:00:00,2018,10,,4
391,,ATMO,,0,FR38001,ZAR SAINT-DENIS,2018-11-13 23:00:00,2018,11,,4
392,,ATMO,,0,FR38011,ZAR VOLCAN,2018-11-14 23:00:00,2018,11,,4
393,,ATMO,,0,FR07004,ZAG CLERMONT-FERRAND,2018-10-01 23:00:00,2018,10,,4
394,,ATMO,,0,FR04002,ZAG PARIS,2018-11-08 23:00:00,2018,11,,4
395,,ATMO,,0,FR24007,ZAG NICE,2018-11-14 23:00:00,2018,11,,4
396,,ATMO,,0,FR37001,ZAG POINTE-A-PITRE,2018-11-13 23:00:00,2018,11,,4
397,,ATMO,,0,FR08003,ZAG MONTPELLIER,2018-11-09 23:00:00,2018,11,,4
398,,ATMO,,0,FR38017,ZAR VOLCAN,2018-11-15 23:00:00,2018,11,,4
399,,ATMO,,2,FR19002,ZAG RENNES,2018-10-01 23:00:00,2018,10,,4
400,,ATMO,,2,FR19002,ZAG RENNES,2018-10-15 23:00:00,2018,10,,4
401,,ATMO,,2,FR19002,ZAG RENNES,2018-10-29 23:00:00,2018,10,,4
402,,ATMO,,0,FR41001,ZAR AJACCIO,2018-11-13 23:00:00,2018,11,,4
403,,ATMO,,0,FR24007,ZAG NICE,2018-11-16 07:00:00,2018,11,,4
404,,ATMO,,0,FR38001,ZAR SAINT-DENIS,2018-11-15 23:00:00,2018,11,,4
405,,ATMO,,0,FR38001,ZAR SAINT-DENIS,2018-11-16 23:00:00,2018,11,,4
406,,ATMO,,0,FR20013,ZAG LYON,2018-11-09 23:00:00,2018,11,,4
407,,ATMO,,0,FR06001,ZAG BLDV,2018-11-17 06:00:00,2018,11,,4
408,,ATMO,,0,FR39017,ZAR FORT-DE-FRANCE,2018-11-17 07:00:00,2018,11,,4
409,,ATMO,,0,FR38001,ZAR SAINT-DENIS,2018-11-16 23:00:00,2018,11,,4
410,,ATMO,,0,FR38009,ZAR SAINT-DENIS,2018-11-17 23:00:00,2018,11,,4
411,,ATMO,,0,FR23001,ZAG NANTES-SAINT-NAZAIRE,2018-11-16 23:00:00,2018,11,,4
412,,ATMO,,0,FR38001,ZAR SAINT-DENIS,2018-11-11 23:00:00,2018,11,,4
413,,ATMO,,0,FR38016,ZAR VOLCAN,2018-11-18 23:00:00,2018,11,,4
414,,ATMO,,2,FR19002,ZAG RENNES,2018-10-08 23:00:00,2018,10,,4
415,,ATMO,,0,FR26005,ZAR DIJON,2018-10-08 23:00:00,2018,10,,4
416,,ATMO,,0,FR82006,ZAR BESANCON,2018-10-28 23:00:00,2018,10,,4
417,,ATMO,,0,FR02001,ZAG MARSEILLE-AIX,2018-11-09 23:00:00,2018,11,,4
418,,ATMO,,2,FR19002,ZAG RENNES,2018-11-14 23:00:00,2018,11,,4
419,,ATMO,,0,FR32001,ZAR CHALON,2018-11-16 06:00:00,2018,11,,4
420,,ATMO,,0,FR39009,ZAR FORT-DE-FRANCE,2018-11-18 23:00:00,2018,11,,4
421,,ATMO,,3,FR19002,ZAG RENNES,2018-11-13 23:00:00,2018,11,,4
422,,ATMO,,0,FR04023,ZAG PARIS,2018-02-12 23:00:00,2018,2,,1
423,,ATMO,,0,FR04024,ZAG PARIS,2018-03-26 23:00:00,2018,3,,1
424,,ATMO,,0,FR04024,ZAG PARIS,2018-05-06 23:00:00,2018,5,,2
425,,ATMO,,0,FR04024,ZAG PARIS,2018-06-18 09:00:00,2018,6,,2
426,,ATMO,,0,FR04031,ZAG PARIS,2018-08-03 23:00:00,2018,8,,3
427,,ATMO,,0,FR30016,ZAG NANCY,2018-10-25 23:00:00,2018,10,,4
428,,ATMO,,0,FR26005,ZAR DIJON,2018-11-12 23:00:00,2018,11,,4
429,,ATMO,,0,FR19002,ZAG RENNES,2018-11-17 23:00:00,2018,11,,4
430,,ATMO,,0,FR01011,ZAG METZ,2018-11-19 23:00:00,2018,11,,4
431,,ATMO,,0,FR24007,ZAG NICE,2018-11-20 06:00:00,2018,11,,4
432,,ATMO,,0,FR38001,ZAR SAINT-DENIS,2018-11-18 23:00:00,2018,11,,4
433,,ATMO,,0,FR38001,ZAR SAINT-DENIS,2018-11-20 23:00:00,2018,11,,4
434,,ATMO,,0,FR12004,ZAG TOULOUSE,2018-11-17 23:00:00,2018,11,,4
435,,ATMO,,2,FR07004,ZAG CLERMONT-FERRAND,2018-11-20 23:00:00,2018,11,,4
436,,ATMO,,0,FR15018,ZAG GRENOBLE,2018-11-21 07:00:00,2018,11,,4
437,,ATMO,,0,FR38001,ZAR SAINT-DENIS,2018-11-20 23:00:00,2018,11,,4
438,,ATMO,,0,FR38001,ZAR SAINT-DENIS,2018-11-21 23:00:00,2018,11,,4
439,,ATMO,,0,FR01011,ZAG METZ,2018-10-30 23:00:00,2018,10,,4
440,,ATMO,,1,FR24007,ZAG NICE,2018-10-01 23:00:00,2018,10,,4
441,,ATMO,,0,FR24007,ZAG NICE,2018-10-27 23:00:00,2018,10,,4
442,,ATMO,,0,FR01011,ZAG METZ,2018-11-12 23:00:00,2018,11,,4
443,,ATMO,,0,FR41001,ZAR AJACCIO,2018-11-17 23:00:00,2018,11,,4
444,,ATMO,,2,FR33101,ZAR PAYS-DE-SAVOIE,2018-11-21 23:00:00,2018,11,,4
445,,ATMO,,0,FR41001,ZAR AJACCIO,2018-11-22 07:00:00,2018,11,,4
446,,ATMO,,0,FR38001,ZAR SAINT-DENIS,2018-11-21 23:00:00,2018,11,,4
447,,ATMO,,0,FR38017,ZAR VOLCAN,2018-11-22 23:00:00,2018,11,,4
448,,ATMO,,0,FR19002,ZAG RENNES,2018-11-22 23:00:00,2018,11,,4
449,,ATMO,,0,FR04002,ZAG PARIS,2018-10-24 23:00:00,2018,10,,4
450,,ATMO,,0,FR40006,ZR GUYANE,2018-11-20 23:00:00,2018,11,,4
451,,ATMO,,0,FR08003,ZAG MONTPELLIER,2018-11-07 23:00:00,2018,11,,4
452,,ATMO,,0,FR38001,ZAR SAINT-DENIS,2018-11-22 23:00:00,2018,11,,4
453,,ATMO,,0,FR38001,ZAR SAINT-DENIS,2018-11-22 23:00:00,2018,11,,4
454,,ATMO,,0,FR04002,ZAG PARIS,2018-11-14 23:00:00,2018,11,,4
455,,ATMO,,0,FR40006,ZR GUYANE,2018-11-23 23:00:00,2018,11,,4
456,,ATMO,,0,FR38001,ZAR SAINT-DENIS,2018-11-23 23:00:00,2018,11,,4
457,,ATMO,,0,FR38017,ZAR VOLCAN,2018-11-24 23:00:00,2018,11,,4
458,,ATMO,,0,FR23001,ZAG NANTES-SAINT-NAZAIRE,2018-11-23 23:00:00,2018,11,,4
459,,ATMO,,0,FR40006,ZR GUYANE,2018-11-24 23:00:00,2018,11,,4
460,,ATMO,,0,FR08617,ZAR NIMES,1970-01-01 00:00:00,1970,1,,1
461,,ATMO,,0,FR38001,ZAR SAINT-DENIS,2018-11-18 23:00:00,2018,11,,4
462,,ATMO,,0,FR38017,ZAR VOLCAN,2018-11-25 23:00:00,2018,11,,4
463,,ATMO,,0,FR09003,ZR NOUVELLE-AQUITAINE,2018-09-17 23:00:00,2018,9,,3
464,,ATMO,,0,FR28010,ZAG BLDV,2018-08-11 23:00:00,2018,8,,3
465,,ATMO,,0,FR02001,ZAG MARSEILLE-AIX,2018-11-24 23:00:00,2018,11,,4
466,,ATMO,,0,FR40006,ZR GUYANE,2018-11-11 23:00:00,2018,11,,4
467,,ATMO,,0,FR08003,ZAG MONTPELLIER,2018-11-21 23:00:00,2018,11,,4
468,,ATMO,,0,FR38001,ZAR SAINT-DENIS,2018-11-25 23:00:00,2018,11,,4
469,,ATMO,,0,FR38017,ZAR VOLCAN,2018-11-26 23:00:00,2018,11,,4
470,,ATMO,,0,FR82070,ZR BOURGOGNE-FRANCHE-COMTE,2018-06-06 23:00:00,2018,6,,2
471,,ATMO,,0,FR01011,ZAG METZ,2018-11-10 23:00:00,2018,11,,4
472,,ATMO,,0,FR08003,ZAG MONTPELLIER,2018-11-19 23:00:00,2018,11,,4
473,,ATMO,,0,FR38001,ZAR SAINT-DENIS,2018-11-26 23:00:00,2018,11,,4
474,,ATMO,,0,FR38017,ZAR VOLCAN,2018-11-27 23:00:00,2018,11,,4
475,,ATMO,,0,FR14008,ZR GRAND-EST,2018-11-15 23:00:00,2018,11,,4
476,,ATMO,,0,FR01011,ZAG METZ,2018-11-27 23:00:00,2018,11,,4
477,,ATMO,,0,FR37001,ZAG POINTE-A-PITRE,2018-11-27 23:00:00,2018,11,,4
478,,ATMO,,0,FR08018,ZAG MONTPELLIER,2018-11-27 06:00:00,2018,11,,4
479,,ATMO,,0,FR38001,ZAR SAINT-DENIS,2018-11-27 23:00:00,2018,11,,4
480,,ATMO,,0,FR38001,ZAR SAINT-DENIS,2018-11-27 23:00:00,2018,11,,4
481,,ATMO,,0,FR33101,ZAR PAYS-DE-SAVOIE,2018-10-17 23:00:00,2018,10,,4
482,,ATMO,,0,FR40006,ZR GUYANE,2018-11-27 23:00:00,2018,11,,4
483,,ATMO,,0,FR08003,ZAG MONTPELLIER,2018-11-20 23:00:00,2018,11,,4
484,,ATMO,,0,FR38001,ZAR SAINT-DENIS,2018-11-28 23:00:00,2018,11,,4
485,,ATMO,,0,FR38001,ZAR SAINT-DENIS,2018-11-28 23:00:00,2018,11,,4
486,,ATMO,,2,FR19002,ZAG RENNES,2018-10-15 23:00:00,2018,10,,4
487,,ATMO,,0,FR04002,ZAG PARIS,2018-09-03 23:00:00,2018,9,,3
488,,ATMO,,0,FR03006,ZAG MARSEILLE-AIX,2018-11-08 23:00:00,2018,11,,4
489,,ATMO,,0,FR37001,ZAG POINTE-A-PITRE,2018-11-26 23:00:00,2018,11,,4
490,,ATMO,,0,FR08020,ZR OCCITANIE,2018-11-28 23:00:00,2018,11,,4
491,,ATMO,,0,FR38001,ZAR SAINT-DENIS,2018-11-29 23:00:00,2018,11,,4
492,,ATMO,,0,FR38001,ZAR SAINT-DENIS,2018-11-29 23:00:00,2018,11,,4
493,,ATMO,,0,FR14008,ZR GRAND-EST,2018-11-22 23:00:00,2018,11,,4
494,,ATMO,,0,FR38001,ZAR SAINT-DENIS,2018-11-30 23:00:00,2018,11,,4
495,,ATMO,,0,FR22009,ZR GRAND-EST,2018-11-27 23:00:00,2018,11,,4
496,,ATMO,,0,FR38001,ZAR SAINT-DENIS,2018-12-01 23:00:00,2018,12,,4
497,,ATMO,,0,FR38017,ZAR VOLCAN,2018-12-02 23:00:00,2018,12,,4
498,,ATMO,,2,FR19002,ZAG RENNES,2018-10-29 23:00:00,2018,10,,4
499,,ATMO,,0,FR02001,ZAG MARSEILLE-AIX,2018-02-12 23:00:00,2018,2,,1
500,,ATMO,,2,FR32002,ZAR CHALON,2018-07-04 23:00:00,2018,7,,3
501,,ATMO,,0,FR32001,ZAR CHALON,2018-10-10 23:00:00,2018,10,,4
502,,ATMO,,0,FR20013,ZAG LYON,2018-11-26 23:00:00,2018,11,,4
503,,ATMO,,0,FR38001,ZAR SAINT-DENIS,2018-12-02 23:00:00,2018,12,,4
504,,ATMO,,0,FR38001,ZAR SAINT-DENIS,2018-12-02 23:00:00,2018,12,,4
505,,ATMO,,0,FR19002,ZAG RENNES,2018-03-01 23:00:00,2018,3,,1
506,,ATMO,,0,FR19002,ZAG RENNES,2018-04-16 23:00:00,2018,4,,2
507,,ATMO,,0,FR82006,ZAR BESANCON,2018-09-10 23:00:00,2018,9,,3
508,,ATMO,,0,FR34013,ZAG ORLEANS,2018-12-01 23:00:00,2018,12,,4
509,,ATMO,,0,FR38001,ZAR SAINT-DENIS,2018-12-03 23:00:00,2018,12,,4
510,,ATMO,,0,FR38016,ZAR VOLCAN,2018-12-04 23:00:00,2018,12,,4
511,,ATMO,,0,FR04037,ZAG PARIS,2018-08-27 23:00:00,2018,8,,3
512,,ATMO,,0,FR04002,ZAG PARIS,2018-11-11 23:00:00,2018,11,,4
513,,ATMO,,0,FR38001,ZAR SAINT-DENIS,2018-12-04 23:00:00,2018,12,,4
514,,ATMO,,0,FR38001,ZAR SAINT-DENIS,2018-12-04 23:00:00,2018,12,,4
515,,ATMO,,2,FR19002,ZAG RENNES,2018-11-30 23:00:00,2018,11,,4
516,,ATMO,,0,FR82030,ZR BOURGOGNE-FRANCHE-COMTE,2018-08-04 23:00:00,2018,8,,3
517,,ATMO,,0,FR41001,ZAR AJACCIO,2018-11-27 23:00:00,2018,11,,4
518,,ATMO,,0,FR37001,ZAG POINTE-A-PITRE,2018-12-05 23:00:00,2018,12,,4
519,,ATMO,,0,FR38001,ZAR SAINT-DENIS,2018-12-05 23:00:00,2018,12,,4
520,,ATMO,,0,FR38016,ZAR VOLCAN,2018-12-06 23:00:00,2018,12,,4
521,,ATMO,,0,FR09404,ZR NOUVELLE-AQUITAINE,2018-09-05 23:00:00,2018,9,,3
522,,ATMO,,0,FR09003,ZR NOUVELLE-AQUITAINE,2018-09-19 23:00:00,2018,9,,3
523,,ATMO,,0,FR24007,ZAG NICE,2018-11-21 23:00:00,2018,11,,4
524,,ATMO,,0,FR30016,ZAG NANCY,2018-12-02 23:00:00,2018,12,,4
525,,ATMO,,0,FR32001,ZAR CHALON,2018-12-06 23:00:00,2018,12,,4
526,,ATMO,,0,FR38001,ZAR SAINT-DENIS,2018-12-06 23:00:00,2018,12,,4
527,,ATMO,,0,FR38001,ZAR SAINT-DENIS,2018-12-07 23:00:00,2018,12,,4
528,,ATMO,,0,FR04002,ZAG PARIS,2018-11-28 23:00:00,2018,11,,4
529,,ATMO,,0,FR38001,ZAR SAINT-DENIS,2018-12-07 23:00:00,2018,12,,4
530,,ATMO,,0,FR38001,ZAR SAINT-DENIS,2018-12-07 23:00:00,2018,12,,4
531,,ATMO,,0,FR23001,ZAG NANTES-SAINT-NAZAIRE,2018-12-07 23:00:00,2018,12,,4
532,,ATMO,,0,FR38001,ZAR SAINT-DENIS,2018-10-31 23:00:00,2018,10,,4
533,,ATMO,,0,FR38001,ZAR SAINT-DENIS,2018-11-02 23:00:00,2018,11,,4
534,,ATMO,,0,FR38001,ZAR SAINT-DENIS,2018-11-02 23:00:00,2018,11,,4
535,,ATMO,,0,FR38001,ZAR SAINT-DENIS,2018-11-09 23:00:00,2018,11,,4
536,,ATMO,,0,FR38001,ZAR SAINT-DENIS,2018-11-16 23:00:00,2018,11,,4
537,,ATMO,,0,FR22009,ZR GRAND-EST,2018-10-31 23:00:00,2018,10,,4
538,,ATMO,,0,FR30016,ZAG NANCY,2018-11-05 23:00:00,2018,11,,4
539,,ATMO,,0,FR22009,ZR GRAND-EST,2018-11-08 23:00:00,2018,11,,4
540,,ATMO,,0,FR01011,ZAG METZ,2018-11-12 23:00:00,2018,11,,4
541,,ATMO,,0,FR22009,ZR GRAND-EST,2018-11-15 23:00:00,2018,11,,4
542,,ATMO,,0,FR22009,ZR GRAND-EST,2018-11-18 23:00:00,2018,11,,4
543,,ATMO,,0,FR22009,ZR GRAND-EST,2018-11-21 23:00:00,2018,11,,4
544,,ATMO,,0,FR38001,ZAR SAINT-DENIS,2018-11-24 23:00:00,2018,11,,4
545,,ATMO,,0,FR22009,ZR GRAND-EST,2018-11-26 23:00:00,2018,11,,4
546,,ATMO,,0,FR22009,ZR GRAND-EST,2018-11-28 23:00:00,2018,11,,4
547,,ATMO,,0,FR30016,ZAG NANCY,2018-11-30 23:00:00,2018,11,,4
548,,ATMO,,0,FR35002,ZR NOUVELLE-AQUITAINE,2018-12-03 23:00:00,2018,12,,4
549,,ATMO,,0,FR26005,ZAR DIJON,2018-12-04 23:00:00,2018,12,,4
550,,ATMO,,0,FR33101,ZAR PAYS-DE-SAVOIE,2018-12-05 23:00:00,2018,12,,4
551,,ATMO,,0,FR27003,ZR AUVERGNE-RHONE-ALPES,2018-12-06 23:00:00,2018,12,,4
552,,ATMO,,0,FR22009,ZR GRAND-EST,2018-12-07 23:00:00,2018,12,,4
553,,ATMO,,0,FR35002,ZR NOUVELLE-AQUITAINE,2018-12-07 23:00:00,2018,12,,4
554,,ATMO,,0,FR23001,ZAG NANTES-SAINT-NAZAIRE,2018-12-10 06:00:00,2018,12,,4
555,,ATMO,,0,FR30019,ZR GRAND-EST,2018-06-24 23:00:00,2018,6,,2
556,,ATMO,,0,FR01011,ZAG METZ,2018-11-03 23:00:00,2018,11,,4
557,,ATMO,,0,FR22009,ZR GRAND-EST,2018-11-26 23:00:00,2018,11,,4
558,,ATMO,,0,FR03006,ZAG MARSEILLE-AIX,2018-12-07 23:00:00,2018,12,,4
559,,ATMO,,0,FR07004,ZAG CLERMONT-FERRAND,2018-12-10 23:00:00,2018,12,,4
560,,ATMO,,0,FR28010,ZAG BLDV,2018-12-11 13:00:00,2018,12,,4
561,,ATMO,,0,FR38001,ZAR SAINT-DENIS,2018-12-10 23:00:00,2018,12,,4
562,,ATMO,,0,FR38016,ZAR VOLCAN,2018-12-11 23:00:00,2018,12,,4
563,,ATMO,,0,FR12004,ZAG TOULOUSE,2018-10-01 23:00:00,2018,10,,4
564,,ATMO,,0,FR12004,ZAG TOULOUSE,2018-10-09 23:00:00,2018,10,,4
565,,ATMO,,0,FR30016,ZAG NANCY,2018-10-30 23:00:00,2018,10,,4
566,,ATMO,,0,FR30016,ZAG NANCY,2018-11-15 23:00:00,2018,11,,4
567,,ATMO,,0,FR30016,ZAG NANCY,2018-11-29 23:00:00,2018,11,,4
568,,ATMO,,0,FR32001,ZAR CHALON,2018-12-06 23:00:00,2018,12,,4
569,,ATMO,,0,FR26005,ZAR DIJON,2018-12-09 23:00:00,2018,12,,4
570,,ATMO,,0,FR32001,ZAR CHALON,2018-12-11 21:00:00,2018,12,,4
571,,ATMO,,0,FR34013,ZAG ORLEANS,2018-12-12 06:00:00,2018,12,,4
572,,ATMO,,0,FR38001,ZAR SAINT-DENIS,2018-08-31 23:00:00,2018,8,,3
573,,ATMO,,0,FR38001,ZAR SAINT-DENIS,2018-09-14 23:00:00,2018,9,,3
574,,ATMO,,0,FR38001,ZAR SAINT-DENIS,2018-09-14 23:00:00,2018,9,,3
575,,ATMO,,0,FR38001,ZAR SAINT-DENIS,2018-10-25 23:00:00,2018,10,,4
576,,ATMO,,0,FR38001,ZAR SAINT-DENIS,2018-12-06 23:00:00,2018,12,,4
577,,ATMO,,2,FR19002,ZAG RENNES,2018-10-23 23:00:00,2018,10,,4
578,,ATMO,,0,FR26005,ZAR DIJON,2018-12-10 23:00:00,2018,12,,4
579,,ATMO,,0,FR01011,ZAG METZ,2018-12-13 06:00:00,2018,12,,4
580,,ATMO,,0,FR40006,ZR GUYANE,2018-12-12 23:00:00,2018,12,,4
581,,ATMO,,0,FR38001,ZAR SAINT-DENIS,2018-12-12 23:00:00,2018,12,,4
582,,ATMO,,0,FR38001,ZAR SAINT-DENIS,2018-12-12 23:00:00,2018,12,,4
583,,ATMO,,0,FR12004,ZAG TOULOUSE,2018-11-19 23:00:00,2018,11,,4
584,,ATMO,,0,FR06001,ZAG BLDV,2018-09-26 23:00:00,2018,9,,3
585,,ATMO,,0,FR82006,ZAR BESANCON,2018-11-30 23:00:00,2018,11,,4
586,,ATMO,,0,FR20013,ZAG LYON,2018-12-12 23:00:00,2018,12,,4
587,,ATMO,,0,FR38001,ZAR SAINT-DENIS,2018-12-09 23:00:00,2018,12,,4
588,,ATMO,,0,FR38001,ZAR SAINT-DENIS,2018-12-09 23:00:00,2018,12,,4
589,,ATMO,,0,FR04002,ZAG PARIS,2018-12-05 21:00:00,2018,12,,4
590,,ATMO,,0,FR38001,ZAR SAINT-DENIS,2018-12-14 23:00:00,2018,12,,4
591,,ATMO,,0,FR38016,ZAR VOLCAN,2018-12-15 23:00:00,2018,12,,4
592,,ATMO,,0,FR04002,ZAG PARIS,2018-12-06 23:00:00,2018,12,,4
593,,ATMO,,0,FR38001,ZAR SAINT-DENIS,2018-12-15 23:00:00,2018,12,,4
594,,ATMO,,0,FR38001,ZAR SAINT-DENIS,2018-12-15 23:00:00,2018,12,,4
595,,ATMO,,0,FR09003,ZR NOUVELLE-AQUITAINE,2018-09-05 23:00:00,2018,9,,3
596,,ATMO,,0,FR31002,ZAG BORDEAUX,2018-07-17 23:00:00,2018,7,,3
597,,ATMO,,0,FR09003,ZR NOUVELLE-AQUITAINE,2018-10-29 23:00:00,2018,10,,4
598,,ATMO,,0,FR35002,ZR NOUVELLE-AQUITAINE,2018-12-07 23:00:00,2018,12,,4
599,,ATMO,,0,FR23001,ZAG NANTES-SAINT-NAZAIRE,2018-12-15 23:00:00,2018,12,,4
600,,ATMO,,0,FR38001,ZAR SAINT-DENIS,2018-12-16 23:00:00,2018,12,,4
601,,ATMO,,0,FR38001,ZAR SAINT-DENIS,2018-12-16 23:00:00,2018,12,,4
602,,ATMO,,0,FR12015,ZR OCCITANIE,2018-03-18 23:00:00,2018,3,,1
603,,ATMO,,2,FR14008,ZR GRAND-EST,2018-08-04 23:00:00,2018,8,,3
604,,ATMO,,0,FR41001,ZAR AJACCIO,2018-09-17 23:00:00,2018,9,,3
605,,ATMO,,0,FR26005,ZAR DIJON,2018-10-04 23:00:00,2018,10,,4
606,,ATMO,,0,FR26005,ZAR DIJON,2018-10-19 23:00:00,2018,10,,4
607,,ATMO,,0,FR26005,ZAR DIJON,2018-10-31 23:00:00,2018,10,,4
608,,ATMO,,0,FR41001,ZAR AJACCIO,2018-11-09 23:00:00,2018,11,,4
609,,ATMO,,0,FR82006,ZAR BESANCON,2018-11-19 23:00:00,2018,11,,4
610,,ATMO,,0,FR32001,ZAR CHALON,2018-11-29 23:00:00,2018,11,,4
611,,ATMO,,0,FR32001,ZAR CHALON,2018-12-11 21:00:00,2018,12,,4
612,,ATMO,,0,FR15018,ZAG GRENOBLE,2018-12-18 07:00:00,2018,12,,4
613,,ATMO,,0,FR40006,ZR GUYANE,2018-12-11 23:00:00,2018,12,,4
614,,ATMO,,0,FR38001,ZAR SAINT-DENIS,2018-12-17 23:00:00,2018,12,,4
615,,ATMO,,0,FR19002,ZAG RENNES,2018-07-16 23:00:00,2018,7,,3
616,,ATMO,,1,FR12029,ZR OCCITANIE,2018-05-25 23:00:00,2018,5,,2
617,,ATMO,,0,FR19002,ZAG RENNES,2018-08-03 23:00:00,2018,8,,3
618,,ATMO,,2,FR19002,ZAG RENNES,2018-09-11 23:00:00,2018,9,,3
619,,ATMO,,2,FR19002,ZAG RENNES,2018-10-03 23:00:00,2018,10,,4
620,,ATMO,,2,FR19002,ZAG RENNES,2018-10-26 23:00:00,2018,10,,4
621,,ATMO,,0,FR12004,ZAG TOULOUSE,2018-11-15 23:00:00,2018,11,,4
622,,ATMO,,0,FR33101,ZAR PAYS-DE-SAVOIE,2018-11-27 23:00:00,2018,11,,4
623,,ATMO,,0,FR19002,ZAG RENNES,2018-12-08 23:00:00,2018,12,,4
624,,ATMO,,0,FR07004,ZAG CLERMONT-FERRAND,2018-12-19 06:00:00,2018,12,,4
625,,ATMO,,0,FR38001,ZAR SAINT-DENIS,2018-12-18 23:00:00,2018,12,,4
626,,ATMO,,0,FR38001,ZAR SAINT-DENIS,2018-12-18 23:00:00,2018,12,,4
627,,ATMO,,1,FR12020,ZR OCCITANIE,2018-07-18 23:00:00,2018,7,,3
628,,ATMO,,0,FR22009,ZR GRAND-EST,2018-12-05 23:00:00,2018,12,,4
629,,ATMO,,0,FR07004,ZAG CLERMONT-FERRAND,2018-12-17 23:00:00,2018,12,,4
630,,ATMO,,0,FR09003,ZR NOUVELLE-AQUITAINE,2018-12-19 23:00:00,2018,12,,4
631,,ATMO,,0,FR37001,ZAG POINTE-A-PITRE,2018-12-14 23:00:00,2018,12,,4
632,,ATMO,,0,FR38001,ZAR SAINT-DENIS,2018-12-19 23:00:00,2018,12,,4
633,,ATMO,,0,FR38011,ZAR VOLCAN,2018-12-20 23:00:00,2018,12,,4
634,,ATMO,,1,FR19002,ZAG RENNES,2018-10-22 23:00:00,2018,10,,4
635,,ATMO,,0,FR32001,ZAR CHALON,2018-11-03 23:00:00,2018,11,,4
636,,ATMO,,0,FR32001,ZAR CHALON,2018-12-01 23:00:00,2018,12,,4
637,,ATMO,,0,FR33101,ZAR PAYS-DE-SAVOIE,2018-12-18 23:00:00,2018,12,,4
638,,ATMO,,0,FR28010,ZAG BLDV,2018-12-21 14:00:00,2018,12,,4
639,,ATMO,,0,FR38001,ZAR SAINT-DENIS,2018-12-20 23:00:00,2018,12,,4
640,,ATMO,,0,FR38001,ZAR SAINT-DENIS,2018-12-21 23:00:00,2018,12,,4
641,,ATMO,,0,FR14008,ZR GRAND-EST,2018-12-19 23:00:00,2018,12,,4
642,,ATMO,,0,FR14008,ZR GRAND-EST,2018-12-21 07:00:00,2018,12,,4
643,,ATMO,,0,FR38001,ZAR SAINT-DENIS,2018-12-21 23:00:00,2018,12,,4
644,,ATMO,,0,FR38001,ZAR SAINT-DENIS,2018-12-21 23:00:00,2018,12,,4
645,,ATMO,,0,FR23001,ZAG NANTES-SAINT-NAZAIRE,2018-12-21 23:00:00,2018,12,,4
646,,ATMO,,0,FR38001,ZAR SAINT-DENIS,2018-12-16 23:00:00,2018,12,,4
647,,ATMO,,0,FR38001,ZAR SAINT-DENIS,2018-12-23 23:00:00,2018,12,,4
648,,ATMO,,0,FR32001,ZAR CHALON,2018-12-04 23:00:00,2018,12,,4
649,,ATMO,,0,FR41001,ZAR AJACCIO,2018-08-17 23:00:00,2018,8,,3
650,,ATMO,,0,FR41001,ZAR AJACCIO,2018-10-13 23:00:00,2018,10,,4
651,,ATMO,,0,FR32001,ZAR CHALON,2018-12-08 23:00:00,2018,12,,4
652,,ATMO,,0,FR09003,ZR NOUVELLE-AQUITAINE,2018-12-21 23:00:00,2018,12,,4
653,,ATMO,,0,FR28010,ZAG BLDV,2018-12-24 13:00:00,2018,12,,4
654,,ATMO,,0,FR38001,ZAR SAINT-DENIS,2018-12-23 23:00:00,2018,12,,4
655,,ATMO,,0,FR38001,ZAR SAINT-DENIS,2018-12-24 23:00:00,2018,12,,4
656,,ATMO,,0,FR19002,ZAG RENNES,2018-12-21 23:00:00,2018,12,,4
657,,ATMO,,0,FR38001,ZAR SAINT-DENIS,2018-12-24 23:00:00,2018,12,,4
658,,ATMO,,0,FR38001,ZAR SAINT-DENIS,2018-12-24 23:00:00,2018,12,,4
659,,ATMO,,0,FR35002,ZR NOUVELLE-AQUITAINE,2018-10-04 23:00:00,2018,10,,4
660,,ATMO,,0,FR35002,ZR NOUVELLE-AQUITAINE,2018-10-16 23:00:00,2018,10,,4
661,,ATMO,,0,FR09003,ZR NOUVELLE-AQUITAINE,2018-11-17 23:00:00,2018,11,,4
662,,ATMO,,0,FR24007,ZAG NICE,2018-12-11 23:00:00,2018,12,,4
663,,ATMO,,0,FR09003,ZR NOUVELLE-AQUITAINE,2018-12-19 23:00:00,2018,12,,4
664,,ATMO,,0,FR07004,ZAG CLERMONT-FERRAND,2018-12-23 23:00:00,2018,12,,4
665,,ATMO,,0,FR02001,ZAG MARSEILLE-AIX,2018-12-26 08:00:00,2018,12,,4
666,,ATMO,,0,FR38001,ZAR SAINT-DENIS,2018-12-25 23:00:00,2018,12,,4
667,,ATMO,,0,FR38001,ZAR SAINT-DENIS,2018-12-25 23:00:00,2018,12,,4
668,,ATMO,,0,FR19002,ZAG RENNES,2018-12-19 23:00:00,2018,12,,4
669,,ATMO,,0,FR26005,ZAR DIJON,2018-12-20 23:00:00,2018,12,,4
670,,ATMO,,0,FR82006,ZAR BESANCON,2018-12-25 23:00:00,2018,12,,4
671,,ATMO,,0,FR40006,ZR GUYANE,2018-12-19 23:00:00,2018,12,,4
672,,ATMO,,0,FR38001,ZAR SAINT-DENIS,2018-12-26 23:00:00,2018,12,,4
673,,ATMO,,0,FR38001,ZAR SAINT-DENIS,2018-12-26 23:00:00,2018,12,,4
674,,ATMO,,2,FR19002,ZAG RENNES,2018-11-12 23:00:00,2018,11,,4
675,,ATMO,,0,FR15043,ZAG GRENOBLE,2018-08-22 23:00:00,2018,8,,3
676,,ATMO,,0,FR14008,ZR GRAND-EST,2018-12-26 23:00:00,2018,12,,4
677,,ATMO,,0,FR35002,ZR NOUVELLE-AQUITAINE,2018-12-28 06:00:00,2018,12,,4
678,,ATMO,,0,FR40006,ZR GUYANE,2018-12-19 23:00:00,2018,12,,4
679,,ATMO,,0,FR38001,ZAR SAINT-DENIS,2018-12-27 23:00:00,2018,12,,4
680,,ATMO,,0,FR38017,ZAR VOLCAN,2018-12-28 23:00:00,2018,12,,4
681,,ATMO,,0,FR04002,ZAG PARIS,2018-12-03 23:00:00,2018,12,,4
682,,ATMO,,0,FR04002,ZAG PARIS,2018-12-09 23:00:00,2018,12,,4
683,,ATMO,,0,FR04002,ZAG PARIS,2018-12-27 23:00:00,2018,12,,4
684,,ATMO,,0,FR38001,ZAR SAINT-DENIS,2018-12-28 23:00:00,2018,12,,4
685,,ATMO,,0,FR38017,ZAR VOLCAN,2018-12-29 23:00:00,2018,12,,4
686,,ATMO,,0,FR23001,ZAG NANTES-SAINT-NAZAIRE,2018-12-28 23:00:00,2018,12,,4
687,,ATMO,,0,FR38001,ZAR SAINT-DENIS,2018-12-23 23:00:00,2018,12,,4
688,,ATMO,,0,FR38017,ZAR VOLCAN,2018-12-30 23:00:00,2018,12,,4
689,,ATMO,,0,FR19002,ZAG RENNES,2018-12-01 23:00:00,2018,12,,4
690,,ATMO,,0,FR24007,ZAG NICE,2018-02-02 23:00:00,2018,2,,1
691,,ATMO,,0,FR24011,ZAG NICE,2018-05-24 14:00:00,2018,5,,2
692,,ATMO,,0,FR02009,ZAG MARSEILLE-AIX,2018-08-17 23:00:00,2018,8,,3
